"","CHFB","CHFCD4","CHFCD8","CHFgama","CHFMONO","CHFNK","PWSB","PWSCD4","PWSCD8","PWSGAMA","PWSMONO","PWSNK"
"A2M-AS1",0.30256789712363,0.30256789712363,1.65549395635869,0.30256789712363,0.30256789712363,0.30256789712363,0.30256789712363,0.30256789712363,-0.278676849876693,-2.2446048109935,0.30256789712363,-1.55275547247754
"AC004687.1",0.942055881284778,0.524682521143123,0.789703920808939,1.18785629932806,0.778646674425041,1.02652569921953,-0.52532917505313,-1.7780841810242,-0.52532917505313,-0.52532917505313,-1.37007011497276,-0.52532917505313
"AC008875.3",-0.399188204792967,-0.399188204792967,-0.399188204792967,-0.399188204792967,-0.399188204792967,-0.399188204792967,-0.399188204792967,-0.399188204792967,1.14772919038489,-0.399188204792967,-0.399188204792967,2.84415285754478
"AC012615.1",-0.384274108262963,-0.384274108262963,-0.384274108262963,-0.384274108262963,-0.384274108262963,-0.384274108262963,-0.384274108262963,0.886961390368664,-0.384274108262963,-0.384274108262963,-0.384274108262963,2.95577969226097
"AC020656.1",-0.421667290236646,-0.421667290236646,-0.421667290236646,-0.421667290236646,2.51564578121941,-0.421667290236646,-0.421667290236646,-0.421667290236646,-0.421667290236646,-0.421667290236646,1.70102712114706,-0.421667290236646
"AC020916.1",-0.0319032521590855,-0.0319032521590855,-0.373270198107397,-1.40750729346864,-0.810875647194264,-1.14039965840043,0.535800098801127,0.353181301476713,0.905016166602359,0.578102576219866,-0.761366080627541,2.18512523901637
"AC025164.1",1.46367006701957,-0.526263574710741,-0.526263574710741,-0.526263574710741,-0.526263574710741,-0.526263574710741,-0.526263574710741,2.3469142972471,-0.526263574710741,-0.526263574710741,-0.526263574710741,0.925787808129996
"AC044849.1",-0.511934412472597,0.20605409599798,-0.58328608107851,-1.08795319101987,0.20605409599798,-1.94958413102475,0.20605409599798,0.75403812095271,0.20605409599798,0.20605409599798,0.20605409599798,2.14239511865514
"AC092821.3",-0.516089028343004,-0.516089028343004,-0.516089028343004,-0.516089028343004,-0.516089028343004,1.30975296502058,-0.516089028343004,-0.516089028343004,-0.516089028343004,0.853232227015511,-0.516089028343004,2.48181606305095
"AC103591.3",-1.04436876129713,-0.394335997441481,-0.0140029464617567,-1.29097114225355,-0.555820532340913,-0.504665584373017,1.26530773942572,0.75992757716166,0.92425151902152,-0.359456187358667,-0.739105627220605,1.95323994313822
"ACTB",0.436271310109947,-1.14808672147486,1.46907690591049,-1.14808672147486,-1.14808672147486,-0.457502167929926,1.45901554670543,0.171741886534855,0.4100225397365,-1.14808672147486,0.894146626107618,0.209574238724514
"ACTG1",0.311536212951738,-0.154769912641334,1.32610715884343,-1.0603700679342,-1.0603700679342,-1.0603700679342,2.10034251981452,-0.0343625718831962,0.1785554204487,-1.0603700679342,0.104956315851922,0.409115128351031
"ACTN4",-0.0460420060691098,-0.0460420060691098,2.83637352349357,-0.0460420060691098,-0.0460420060691098,-0.0460420060691098,-0.0460420060691098,-0.0460420060691098,-0.0460420060691098,-1.2489148328323,-0.0460420060691098,-1.17308063603928
"ADGRG1",-0.205150904317032,-0.205150904317032,2.42194135011156,-1.13694376933108,-0.205150904317032,-0.205150904317032,-0.205150904317032,-0.205150904317032,1.48986340888676,-0.205150904317032,-0.205150904317032,-1.13365375513098
"AL499604.1",-0.715080189240132,-0.715080189240132,-0.715080189240132,-0.715080189240132,-0.715080189240132,-0.715080189240132,0.574552807357484,0.72298043594125,0.358290956635303,2.31871202527321,-0.715080189240132,1.03102509947368
"ALOX5AP",-0.420307771806759,-0.420307771806759,0.922594934458899,0.666908307796876,-1.01200710576788,-0.420307771806759,-0.420307771806759,-0.420307771806759,0.726370560779963,1.2753712426226,-1.90142528224728,1.42372620139061
"ANXA1",-0.684850724830773,0.541344559367325,2.26312864233012,-0.684850724830773,-0.684850724830773,-0.684850724830773,-0.684850724830773,0.461416787879984,1.44287505192104,0.0851900323169427,-0.684850724830773,-0.684850724830773
"ANXA2",-0.628628386710956,-0.628628386710956,2.16241251802313,-0.628628386710956,-0.628628386710956,-0.628628386710956,0.938154395038242,-0.628628386710956,1.42410502451056,-0.628628386710956,0.504355156115709,-0.628628386710956
"AREG",-0.210014329293688,-0.210014329293688,-0.210014329293688,-0.210014329293688,-0.210014329293688,-1.57700907575318,0.707517092089425,-0.210014329293688,-0.210014329293688,-0.210014329293688,-0.210014329293688,2.75962094730695
"ARHGAP9",-0.397210078742431,-0.397210078742431,-0.397210078742431,-0.397210078742431,-0.397210078742431,-0.397210078742431,-0.397210078742431,-0.397210078742431,-0.397210078742431,1.11042227609432,-0.397210078742431,2.86167851132999
"ARPC1B",-0.643222037178015,-0.474876814161764,1.54693217824971,0.578929230109236,-1.64466586484283,0.388827286749632,0.188729544602712,-0.539426156093368,0.659294680813054,0.958709570519921,-1.64466586484283,0.625434246074548
"ARPC2",-0.389595603290816,-0.389595603290816,2.92083873459104,-0.389595603290816,-0.389595603290816,0.975117298317125,-0.389595603290816,-0.389595603290816,-0.389595603290816,-0.389595603290816,-0.389595603290816,-0.389595603290816
"ATF3",-0.124153367014308,-0.124153367014308,-0.124153367014308,-0.124153367014308,-1.62368816420341,-0.124153367014308,-0.124153367014308,-0.124153367014308,-0.124153367014308,-0.124153367014308,2.86522183434649,-0.124153367014308
"B3GNT7",-0.17977714191523,-0.17977714191523,-0.17977714191523,-0.17977714191523,-0.17977714191523,-1.22958918511811,-0.17977714191523,-0.17977714191523,-0.17977714191523,-0.17977714191523,-0.17977714191523,3.02736060427041
"BAZ2B",0.346251231514607,0.346251231514607,0.346251231514607,0.346251231514607,2.42339823377472,0.346251231514607,-0.680432803133619,0.346251231514607,-1.23564665543726,-0.513927411286808,-1.10457912856895,-0.966319624435725
"BCL2A1",-0.342053045861085,-0.342053045861085,-0.342053045861085,-0.342053045861085,-1.39657171822419,-0.342053045861085,1.43768439747518,-0.342053045861085,-0.342053045861085,0.248952932907105,2.44635875473058,-0.342053045861085
"BHLHE40",-0.145007643024136,-0.145007643024136,0.485507989372513,-1.30611168239469,-1.45393579713582,-0.801049840012261,-0.145007643024136,-0.145007643024136,0.687669413630674,-0.145007643024136,2.21960222450272,0.893355907157542
"BIN1",-0.42977283724428,-0.00675344596854343,0.868094712959566,0.372414563195479,-1.74899785464386,1.736511871446,-0.175516415130741,0.265569058244588,-0.0591074517728487,0.105906259700538,-1.74899785464386,0.820649393857977
"BTG1",-1.3262296329022,-0.503519932137948,-0.503519932137948,-0.503519932137948,-0.503519932137948,-0.503519932137948,-0.503519932137948,1.12334477580822,0.331350943594196,1.29330606186056,-0.503519932137948,2.10286737660486
"BTG2",-0.76114044002602,-0.216530210139326,-0.678952185410056,-0.816443150279732,-0.216530210139326,-0.757778879888874,-0.216530210139326,0.994287768151128,-0.216530210139326,0.951128841289955,-0.576177101864294,2.5111959885852
"C12orf75",-0.501223381331572,-0.501223381331572,1.8670412701091,-1.314695255282,-0.501223381331572,-0.501223381331572,-0.501223381331572,-0.501223381331572,1.72498035176233,0.23245466968871,-0.501223381331572,0.998782633042854
"C1orf56",0.46723341201052,-1.02023789843273,0.584490425876679,0.941529013372081,0.0285669723211562,1.67625209431814,-1.02023789843273,-1.02023789843273,-1.02023789843273,0.175177968937872,-1.02023789843273,1.22793960532722
"C3AR1",-0.410401707437527,-0.410401707437527,-0.410401707437527,-0.410401707437527,1.38334333249184,-0.410401707437527,-0.410401707437527,-0.410401707437527,-0.410401707437527,-0.410401707437527,2.72067374188343,-0.410401707437527
"CALHM6",-0.990662918044071,-0.113951594929717,-0.113951594929717,-0.113951594929717,-0.975460925276761,-0.113951594929717,-0.113951594929717,-0.113951594929717,-0.113951594929717,-0.113951594929717,2.99168819768828,-0.113951594929717
"CALM2",-0.897612202914316,-0.897612202914316,-0.897612202914316,-0.897612202914316,-0.897612202914316,-0.897612202914316,0.792857835131346,0.284635302469439,0.465925837238632,1.68035592584088,0.882797565529706,1.2791007512759
"CALR",-0.645173223695136,-0.645173223695136,2.0025183049671,-0.645173223695136,-0.645173223695136,-0.645173223695136,-0.645173223695136,-0.645173223695136,1.4851466002954,0.673151392233457,-0.645173223695136,1.00056949206514
"CCL3",-0.209714069166546,-0.209714069166546,-0.209714069166546,-0.209714069166546,-1.84379961802625,-0.209714069166546,-0.209714069166546,-0.209714069166546,-0.209714069166546,-0.209714069166546,1.51664433776405,2.2145819027611
"CCL3L1",-0.0299098303968144,-0.0299098303968144,0.552439169248633,1.32809327352659,-2.07859021240594,0.502527008984506,-0.0299098303968144,-0.0299098303968144,-0.0299098303968144,-1.14790493014488,1.62404294970356,-0.631058106928388
"CCL4",-0.605711367889436,-0.605711367889436,1.17701134961641,-1.24821339907877,-0.94211187114993,-0.605711367889436,-0.605711367889436,-0.605711367889436,0.923294095490681,1.60389833516119,0.139878869449509,1.37479945995808
"CCL4L2",-0.279046290681691,-0.279046290681691,-0.279046290681691,-1.19678733912105,-0.279046290681691,1.27241158575352,-0.279046290681691,-0.279046290681691,-0.279046290681691,-1.38681896058292,1.90775241886984,1.35676632985244
"CCL5",-0.465708816911433,-0.465708816911433,1.43347573452364,-1.16609158276961,-0.465708816911433,0.704912323086528,-0.465708816911433,-1.48831378183043,1.63386970293225,1.04498066057795,-0.465708816911433,0.165711028036833
"CCNH",-0.40057410565865,-0.40057410565865,-0.40057410565865,-0.40057410565865,-0.40057410565865,-0.40057410565865,-0.40057410565865,-0.40057410565865,1.17449164380067,-0.40057410565865,-0.40057410565865,2.83124941278583
"CD160",0.0499473485931435,0.0499473485931435,0.0499473485931435,-0.850696612246085,0.0499473485931435,2.45595591211702,0.0499473485931435,0.0499473485931435,0.0499473485931435,-2.05478543720923,0.0499473485931435,0.0499473485931435
"CD1C",-0.288675134594813,-0.288675134594813,-0.288675134594813,-0.288675134594813,-0.288675134594813,-0.288675134594813,3.17542648054294,-0.288675134594813,-0.288675134594813,-0.288675134594813,-0.288675134594813,-0.288675134594813
"CD226",0.0733111780005959,0.994204757012359,2.21574733225145,-1.07702332979344,0.0733111780005959,0.0733111780005959,0.0733111780005959,0.0733111780005959,0.0733111780005959,-0.873899540333712,0.0733111780005959,-1.77220746514083
"CD247",-0.259816120466216,-0.259816120466216,0.991230490917746,-1.38830636302373,-0.259816120466216,-0.259816120466216,-0.259816120466216,-0.259816120466216,-0.259816120466216,-0.259816120466216,-0.259816120466216,2.73542095630193
"CD3G",-0.367993366592057,-0.367993366592057,0.641039619019704,-0.367993366592057,-0.367993366592057,-0.367993366592057,-0.367993366592057,-0.367993366592057,-0.367993366592057,-0.367993366592057,-0.367993366592057,3.03889404690086
"CD4",-0.397119421294355,-0.397119421294355,-0.397119421294355,-0.397119421294355,1.10873625267278,-0.397119421294355,-0.397119421294355,-0.397119421294355,-0.397119421294355,-0.397119421294355,2.86245796027077,-0.397119421294355
"CD69",-0.847174068022009,-0.754907969324031,-0.955015772511292,-0.976852656894879,-0.30101700317479,-1.0269487144688,1.32484524775889,1.03198290448935,0.0804433920441293,1.17711975447538,-0.30101700317479,1.54854188880284
"CD7",0.0407796538183934,0.0407796538183934,-0.995278471918984,0.0407796538183934,0.0407796538183934,0.0407796538183934,0.0407796538183934,0.0407796538183934,-1.09809838922299,0.0407796538183934,-1.01760161471444,2.78474124530927
"CD74",-0.695235065576626,0.515591243661678,2.47617575789143,0.785685541216815,-0.695235065576626,0.478323022507876,-0.695235065576626,-0.695235065576626,-0.695235065576626,0.610869893758577,-0.695235065576626,-0.695235065576626
"CD81",-0.569626639994312,-0.569626639994312,2.64602546477442,0.39335677147885,-0.569626639994312,0.978385326608869,-0.569626639994312,-0.569626639994312,0.539245557092364,-0.569626639994312,-0.569626639994312,-0.569626639994312
"CD83",-0.270417230495924,-0.270417230495924,-0.270417230495924,-0.270417230495924,-1.50629595302204,-0.270417230495924,2.36432371648613,-0.270417230495924,-0.270417230495924,-0.270417230495924,1.57572731099923,-0.270417230495924
"CD8A",-0.616911792699231,-0.616911792699231,1.21130054947637,-0.616911792699231,-0.616911792699231,-0.616911792699231,-0.616911792699231,-0.616911792699231,2.33717081911921,0.514381765353503,-0.616911792699231,0.872441207644766
"CD99",-0.514030587930883,-0.514030587930883,2.25128580579394,-1.59123556682485,-0.514030587930883,-0.514030587930883,0.599219368073236,0.498602645466613,1.06756735299236,-0.514030587930883,0.258743922083997,-0.514030587930883
"CDKN1A",-0.158586930596048,-0.158586930596048,-0.158586930596048,-0.158586930596048,-1.82131405789948,-0.158586930596048,0.580320875310006,-0.158586930596048,-0.158586930596048,-0.158586930596048,2.66827555795391,-0.158586930596048
"CDKN1C",-0.20200814391651,-0.20200814391651,-0.20200814391651,-0.20200814391651,-1.05775552128409,-0.20200814391651,-0.20200814391651,-0.20200814391651,-0.20200814391651,-0.20200814391651,3.07783696044919,-0.20200814391651
"CEBPB",-0.516830060176934,-0.516830060176934,0.174544955570882,-0.516830060176934,-1.83171164204655,-0.0141950420831587,-0.516830060176934,-0.516830060176934,-0.0457333113149085,1.1891351012116,1.45643190987657,1.65567832967024
"CEMIP2",-0.389815482403762,-0.389815482403762,2.91929217708357,-0.389815482403762,-0.389815482403762,-0.389815482403762,-0.389815482403762,-0.389815482403762,-0.389815482403762,-0.389815482403762,-0.389815482403762,0.978862646954046
"CEP78",-0.0815730209227312,-0.0815730209227312,1.08987619618244,-0.0815730209227312,-0.0815730209227312,2.37730465805652,-0.0815730209227312,-0.0815730209227312,-0.0815730209227312,-1.13676006239935,-0.0815730209227312,-1.67783662445777
"CHMP1B",-0.849778519610841,-0.849778519610841,-0.849778519610841,-0.849778519610841,-0.849778519610841,-0.849778519610841,0.796134734207838,0.465990221901261,0.122807316849511,1.46799220539768,0.373036781612627,1.87270985769613
"CHST12",-0.46981331005769,-0.46981331005769,2.8127621451916,-0.46981331005769,-0.46981331005769,0.931325768726756,-0.46981331005769,-0.46981331005769,0.484231876600847,-0.46981331005769,-0.46981331005769,-0.46981331005769
"CHST2",-0.374194997001337,-0.374194997001337,-0.374194997001337,-0.374194997001337,-0.374194997001337,0.968847429409815,-0.374194997001337,-0.374194997001337,-1.49703186602085,-0.374194997001337,1.26151600554768,2.26022840707405
"CIB1",-0.0294593301579018,-1.03802529735782,0.443936873996947,-1.03802529735782,-1.03802529735782,-1.03802529735782,1.55428169635098,0.664691314654213,0.792759381498778,-1.03802529735782,1.31369618135761,0.450220369088486
"CLIC1",0.26143240128604,0.26143240128604,2.63291363477864,-0.921221638843137,-0.646304585347893,-0.776938862635478,0.26143240128604,0.26143240128604,0.26143240128604,-1.10654843977676,0.26143240128604,-0.750494515891606
"CLIC3",-0.436100722395839,-0.436100722395839,1.49745622464575,-1.20792668838688,-0.436100722395839,-0.436100722395839,-0.436100722395839,-0.436100722395839,1.02545042960493,-0.436100722395839,-0.436100722395839,2.17382581330291
"COTL1",-1.4768854757204,-0.626330773701,-0.626330773701,0.358105395639087,-0.626330773701,-0.626330773701,1.64896915870218,-0.626330773701,-0.626330773701,1.24483549773819,0.765594691921676,1.21736537392527
"CREM",-0.564330969828866,-0.564330969828866,-0.564330969828866,0.0132132768517079,-0.564330969828866,-0.564330969828866,-0.564330969828866,0.131920808136971,0.00212848265247612,2.77374295833722,-0.564330969828866,1.02931126282369
"CRIP1",-1.2321968519825,-0.508871564285518,0.399072276744153,-1.20084020562986,-1.11963936448135,-0.508871564285518,1.44984069542072,0.395902138056675,0.831788122057098,0.332784100925445,1.66990378174618,-0.508871564285518
"CST7",-0.702437927725284,-0.702437927725284,1.8951122347736,-0.702437927725284,-0.702437927725284,-0.077992775115419,-0.702437927725284,-0.702437927725284,1.73518898334533,0.625935030154735,-0.702437927725284,0.738822020918738
"CTSC",-0.526788890733542,-0.526788890733542,2.33443405800235,-0.526788890733542,-0.526788890733542,-0.526788890733542,-0.526788890733542,-0.526788890733542,1.4833671665835,-0.526788890733542,0.92329879201603,-0.526788890733542
"CTSL",-0.288675134594813,-0.288675134594813,-0.288675134594813,-0.288675134594813,-0.288675134594813,-0.288675134594813,-0.288675134594813,-0.288675134594813,-0.288675134594813,-0.288675134594813,3.17542648054294,-0.288675134594813
"CTSW",-0.455513736444991,-0.0187618706390285,2.8662488010259,0.539265511352101,-0.455513736444991,0.391151429238184,-0.455513736444991,-0.455513736444991,-0.455513736444991,-1.04666092994834,-0.455513736444991,0.00183947764113414
"CX3CR1",0.0134325807089534,0.0134325807089534,1.08382045160138,0.0134325807089534,1.37288560583188,0.678797798479746,0.0134325807089534,0.0134325807089534,0.0134325807089534,-0.550916667252877,0.0134325807089534,-2.6786152536228
"CXCL16",-0.288675134594813,-0.288675134594813,-0.288675134594813,-0.288675134594813,-0.288675134594813,-0.288675134594813,-0.288675134594813,-0.288675134594813,-0.288675134594813,-0.288675134594813,3.17542648054294,-0.288675134594813
"CXCL8",0.0236486845812131,0.0236486845812131,0.0236486845812131,0.0236486845812131,-2.45987152991353,0.0236486845812131,0.0236486845812131,0.0236486845812131,0.0236486845812131,0.0236486845812131,2.2233846841014,0.0236486845812131
"CXCR4",-1.36214284321707,-1.08776088169843,-1.18616405902513,-0.706172337973755,-0.523672850086218,-0.651575502118849,0.76076449492244,1.09132908728329,0.709107076062577,1.2932596242702,0.711205686635416,0.951822504945531
"CYBA",-0.123122524219951,-0.123122524219951,2.86177052313853,-1.63054528093902,-0.123122524219951,-0.123122524219951,-0.123122524219951,-0.123122524219951,-0.123122524219951,-0.123122524219951,-0.123122524219951,-0.123122524219951
"CYCS",-0.624954725700726,-0.624954725700726,-0.624954725700726,-1.62625254155483,-0.624954725700726,-0.624954725700726,0.392171711544742,0.519215217520388,0.298043865968075,1.0318264952097,0.339430575842471,2.17033830397308
"CYP1B1",-0.0508786181203944,-0.0508786181203944,-0.0508786181203944,-0.0508786181203944,2.58298515160037,-0.0508786181203944,-0.0508786181203944,-0.0508786181203944,-0.0508786181203944,-0.0508786181203944,-2.07419897039643,-0.0508786181203944
"CYTIP",-0.932772826543614,-0.932772826543614,-0.932772826543614,-0.932772826543614,-0.932772826543614,-0.932772826543614,0.663291352560952,1.15461144566624,0.616394717250995,0.612129812015575,1.28203945110525,1.26817018066267
"CYTOR",0.125965549836455,0.125965549836455,2.20507318389873,0.125965549836455,0.125965549836455,0.125965549836455,0.125965549836455,0.125965549836455,0.125965549836455,-1.21048247669915,0.125965549836455,-2.12828065572767
"DDIT3",-0.84111590310268,-0.84111590310268,-0.84111590310268,-0.84111590310268,-0.84111590310268,-0.84111590310268,0.796853931741194,0.339742245125749,0.342425073507813,0.315453999527638,1.12635560766191,2.12586456105177
"DDIT4",-1.07024386029783,-0.524854403097108,0.0951065969443842,-1.15889998028157,-0.524854403097108,-1.24021641698744,-0.524854403097108,1.03077393392593,0.312080869975817,1.45725327811902,0.55187030822694,1.59683847966607
"DIP2A",0.160188637404311,0.160188637404311,0.843516954333338,1.40364835325695,0.160188637404311,1.215539682727,0.160188637404311,-0.403880405427228,-0.733581178644509,-0.813216741929723,0.160188637404311,-2.31296985133738
"D0JB1",-0.38184611129099,-1.12857307609397,-0.911436122476426,-1.30025608075896,-0.38184611129099,-0.38184611129099,-0.38184611129099,0.693683696046107,1.01876014828347,1.93167798032325,0.0537514367193459,1.16977646312115
"DSC2",-0.288675134594813,-0.288675134594813,-0.288675134594813,-0.288675134594813,-0.288675134594813,-0.288675134594813,-0.288675134594813,-0.288675134594813,-0.288675134594813,-0.288675134594813,3.17542648054294,-0.288675134594813
"DUSP1",-0.58310648987038,-0.385030662136869,-0.534307030994051,-1.06251898596162,-0.640686298354008,-1.36824963370507,0.589767844540671,1.04457817545493,0.867423851458665,0.523210502524413,-0.480531465954686,2.029450192998
"DUSP2",-1.21046911701728,-0.47028738978488,-0.47028738978488,-0.47028738978488,-0.47028738978488,-0.95018259333274,-0.47028738978488,1.09375417217474,-0.47028738978488,1.20774534944756,0.613664679241321,2.06721184819568
"DUSP5",-0.373532428679689,-0.373532428679689,-0.373532428679689,-0.373532428679689,-0.373532428679689,-0.373532428679689,-0.373532428679689,-0.373532428679689,-0.373532428679689,3.01405027214874,0.721274014648151,-0.373532428679689
"DYNLT1",-0.765849909455755,-0.765849909455755,0.452579434385538,0.930092304774343,0.0620442402271634,0.465197017206376,-0.765849909455755,-0.765849909455755,0.205585591163753,2.47960086897736,-0.765849909455755,-0.765849909455755
"EEF1A1",-0.722559381436431,-0.722559381436431,-1.61491850198933,1.68193442007927,-0.722559381436431,0.712554137333663,0.579485118204875,-0.722559381436431,-0.722559381436431,0.961787867985433,0.22792798783772,1.06402587773052
"EFHD2",-0.419024532334596,-0.419024532334596,2.57736040288907,-0.419024532334596,-0.419024532334596,-0.419024532334596,-0.419024532334596,-0.419024532334596,1.61288492045689,-0.419024532334596,-0.419024532334596,-0.419024532334596
"EGR1",-0.288675134594813,-0.288675134594813,-0.288675134594813,-0.288675134594813,-0.288675134594813,-0.288675134594813,-0.288675134594813,-0.288675134594813,-0.288675134594813,-0.288675134594813,3.17542648054294,-0.288675134594813
"EIF5A",-0.866878311035078,-0.866878311035078,-0.866878311035078,-0.866878311035078,-0.866878311035078,-0.866878311035078,1.03319003260419,0.46810765287656,0.150943562251517,1.18479666924212,0.480973305947518,1.88325864328857
"ELF1",-0.0441862500805701,-0.0441862500805701,-1.18891912241819,-0.0441862500805701,-0.0441862500805701,-0.0441862500805701,-0.0441862500805701,-0.0441862500805701,-1.24511555159214,2.83171092473546,-0.0441862500805701,-0.0441862500805701
"EREG",-0.288675134594813,-0.288675134594813,-0.288675134594813,-0.288675134594813,-0.288675134594813,-0.288675134594813,-0.288675134594813,-0.288675134594813,-0.288675134594813,-0.288675134594813,3.17542648054294,-0.288675134594813
"ETS2",-0.288675134594813,-0.288675134594813,-0.288675134594813,-0.288675134594813,-0.288675134594813,-0.288675134594813,-0.288675134594813,-0.288675134594813,-0.288675134594813,-0.288675134594813,3.17542648054294,-0.288675134594813
"FCER1G",-0.345721454430564,-0.345721454430564,-0.345721454430564,-0.345721454430564,-0.345721454430564,-1.07238885904616,-0.345721454430564,-0.345721454430564,-0.345721454430564,-0.345721454430564,2.19643532181242,1.98744662710882
"FCGR3A",-0.625671996450468,-0.625671996450468,1.78188980070363,-0.625671996450468,-0.625671996450468,0.759930826616365,-0.625671996450468,-0.625671996450468,0.496557353940065,-0.625671996450468,1.96699799034368,-0.625671996450468
"FCRL6",-0.703039847741175,-0.703039847741175,2.28660086108111,-0.703039847741175,-0.703039847741175,1.25598310221959,-0.703039847741175,-0.703039847741175,0.530172540705711,0.2085882261942,-0.703039847741175,0.639934203987616
"FGFBP2",-0.515689111802875,-0.515689111802875,2.36377705508507,-1.0512294427234,-0.515689111802875,0.313362321312553,-0.515689111802875,-0.515689111802875,1.42771766613199,-0.515689111802875,-0.515689111802875,0.556196182813906
"FGR",-0.419249428887755,-0.419249428887755,1.61990956318075,-0.419249428887755,-0.419249428887755,-0.419249428887755,-0.419249428887755,-0.419249428887755,-0.419249428887755,-0.419249428887755,2.5725847256968,-0.419249428887755
"FL0",0.124971588456809,0.124971588456809,2.24716617727436,0.124971588456809,0.124971588456809,0.124971588456809,0.124971588456809,-1.43616235232914,0.124971588456809,0.124971588456809,0.124971588456809,-1.93574812105651
"FOLR3",-0.071301875226748,-0.071301875226748,-0.071301875226748,-0.071301875226748,2.66897154397011,-0.071301875226748,-0.071301875226748,-0.071301875226748,-0.071301875226748,-0.071301875226748,-1.95595279170263,-0.071301875226748
"FOS",-0.345735466504715,-0.144933776651636,-0.640631792280445,-1.19320820663632,-0.282297417419667,-1.05012810207605,0.656697498254003,1.26577590220902,0.516212137387188,0.841102440072933,-1.35485737027083,1.73200415391652
"FOSB",0.0676421978609844,0.0676421978609844,0.0676421978609844,-1.51394282619381,-1.81612274262778,-0.980973241531185,0.748471751361923,0.0676421978609844,0.559171701390987,1.33374430041698,0.0676421978609844,1.33144006787796
"FOSL2",-0.619677713173146,-0.619677713173146,-0.619677713173146,-0.619677713173146,-0.619677713173146,-0.619677713173146,-0.619677713173146,-0.619677713173146,0.150849473562437,1.85117595095941,1.24189663405703,1.71349964680629
"FTH1",-0.615358218932557,-0.615358218932557,-0.615358218932557,-0.615358218932557,-1.18662370595015,-0.615358218932557,0.0589694055972108,0.518835872750109,-0.180877783922613,2.04249630165421,0.0294004842970962,1.79459052023692
"FTX",1.30408455841803,1.08801195399692,0.933048358951453,0.655980725823121,1.04515685350249,0.573876817528357,-0.876396296343803,-1.09508120787917,-1.01140543816742,-0.597983181848112,-0.952877378526504,-1.06641576545536
"G0S2",-0.032382855399062,-0.032382855399062,-0.032382855399062,-0.032382855399062,-2.1765768006627,-0.032382855399062,-0.032382855399062,-0.032382855399062,-0.032382855399062,-0.032382855399062,2.50040535465332,-0.032382855399062
"GABARAPL1",-0.369083528009852,-0.369083528009852,-0.369083528009852,-0.369083528009852,-1.29509553364017,-0.369083528009852,-0.369083528009852,-0.369083528009852,-0.369083528009852,0.499986227181539,2.56672421362127,1.18105331691618
"GADD45B",-1.05379089763607,-0.36095589118095,-0.36095589118095,-1.52626461560805,-0.36095589118095,-0.36095589118095,0.511410781801206,-0.36095589118095,-0.36095589118095,1.63424399349002,0.817544526733729,1.78259155830487
"GAPDH",-0.968479786585369,-0.968479786585369,2.04413842741569,-0.968479786585369,-0.968479786585369,-0.135563247249752,0.89059309730356,0.407432460088413,0.802122571074298,0.13110210065976,-0.968479786585369,0.702573523634879
"GBP5",0.0123788439726361,0.0123788439726361,0.0123788439726361,0.0123788439726361,2.66860629362358,0.0123788439726361,0.0123788439726361,-1.30964266911957,0.0123788439726361,0.0123788439726361,0.0123788439726361,-1.47037322025773
"GIMAP4",-0.102575667830471,0.824181914179681,0.66799350627314,1.7097966656354,1.01927672225411,0.407421412540692,-0.102575667830471,-0.968375855595715,-0.525434291437335,-0.102575667830471,-0.911347473313231,-1.91578559704534
"GIMAP5",-0.0763205040491364,1.06953864975923,-0.0763205040491364,2.01439863088825,-0.0763205040491364,-0.0763205040491364,-0.0763205040491364,-0.0763205040491364,-0.0763205040491364,-0.0763205040491364,-0.0763205040491364,-2.39705274420525
"GIMAP7",0.0285836912704372,0.884646889173001,0.0285836912704372,1.82860261660673,1.24479683387786,0.0285836912704372,0.0285836912704372,-0.713234088921455,0.0285836912704372,-0.431709070027255,-1.12030946878471,-1.83571216827636
"G0S",-0.475177033619067,-1.5526953806987,-1.2347941069317,-0.475177033619067,-0.475177033619067,-0.475177033619067,1.01645586761332,1.21697499586258,0.6568712339077,0.685795452969983,-0.475177033619067,1.58727710537215
"GNLY",0.239375687546993,0.239375687546993,2.01434924305992,-1.14193112554902,0.239375687546993,-0.210682616243316,0.239375687546993,0.239375687546993,0.239375687546993,-2.2780202797782,0.239375687546993,-0.0593450343183348
"GPR183",-1.50417493091823,0.0356722375263739,-0.730559385194856,-0.56533560517605,0.0356722375263739,0.0356722375263739,0.986548870071446,0.0356722375263739,-0.444772062302755,-0.467285609315772,2.54721753520434,0.0356722375263739
"GRASP",-0.542285248171447,-0.542285248171447,-0.542285248171447,-0.542285248171447,-0.542285248171447,-0.542285248171447,1.22704561396156,-0.542285248171447,-0.542285248171447,-0.542285248171447,1.53215146215913,2.12137015742233
"GSTP1",-0.519104791669234,-0.519104791669234,1.82769691073792,-0.519104791669234,-1.83095983035357,-0.519104791669234,-0.519104791669234,0.608606385049636,0.997878864032136,0.454080307909043,-0.519104791669234,1.05732611264024
"GZMA",-0.157682350910426,-0.157682350910426,2.41378754339159,-1.10606133404846,-0.157682350910426,-0.693643159858824,-0.157682350910426,-0.157682350910426,1.50484100989497,-1.01514760300629,-0.157682350910426,-0.157682350910426
"GZMB",-0.397198349715228,-0.397198349715228,1.75626916530197,-1.39233523888929,-0.397198349715228,-0.853433727190895,-0.397198349715228,-0.397198349715228,1.97300039102596,0.497393425508057,-0.397198349715228,0.402296082535565
"GZMH",-0.721093603291265,-0.721093603291265,1.95113051450802,-0.721093603291265,-0.721093603291265,0.184090790245431,-0.721093603291265,-0.721093603291265,1.63339436794202,0.7687872429534,-0.721093603291265,0.510252307389983
"HAVCR2",-0.421652158021589,-0.421652158021589,-0.421652158021589,-0.421652158021589,-0.421652158021589,-0.421652158021589,-0.421652158021589,-0.421652158021589,-0.421652158021589,-0.421652158021589,1.7004817702061,2.51603981000979
"HBEGF",-0.130151860622541,-0.130151860622541,-0.130151860622541,-0.130151860622541,-1.58347765730459,-0.130151860622541,-0.130151860622541,-0.130151860622541,-0.130151860622541,-0.130151860622541,2.88499626353,-0.130151860622541
"HERPUD1",-2.10709672391907,-0.765402217668035,0.448207121184565,-0.00166333834250767,0.466259961690561,0.569020477731535,1.74507001590132,-0.765402217668035,0.114729543163018,0.99909863389353,0.0625809617011588,-0.765402217668035
"HES1",-0.411719688082479,-0.411719688082479,-0.411719688082479,-0.411719688082479,-0.411719688082479,-0.411719688082479,1.41469863969959,-0.411719688082479,-0.411719688082479,-0.411719688082479,2.7024982411252,-0.411719688082479
"HES4",-0.288675134594813,-0.288675134594813,-0.288675134594813,-0.288675134594813,-0.288675134594813,-0.288675134594813,-0.288675134594813,-0.288675134594813,-0.288675134594813,-0.288675134594813,3.17542648054294,-0.288675134594813
"HIF1A",-0.288675134594813,-0.288675134594813,-0.288675134594813,-0.288675134594813,-0.288675134594813,-0.288675134594813,-0.288675134594813,-0.288675134594813,-0.288675134594813,-0.288675134594813,3.17542648054294,-0.288675134594813
"HLA-B",-0.58935614473973,-0.6819140891509,2.61386076148246,-0.837399642905646,-1.12387251206526,0.266760421773756,0.266760421773756,0.266760421773756,0.266760421773756,0.266760421773756,-0.981880903263464,0.266760421773756
"HLA-C",-0.516188529177402,-1.24590201683363,1.03278050086855,-1.24590201683363,-1.24590201683363,-0.492640603282439,0.957671707225477,0.176908724503405,1.20979209860691,0.804772797612987,-0.597560009704151,1.16216936384756
"HLA-DPA1",-0.0915649970666031,-0.00221027653366797,2.0794284384139,-0.729801442976537,-0.729801442976537,-0.729801442976537,0.966357209646063,-0.729801442976537,1.13231001505879,-0.0728643698268242,0.381064448336524,-1.47331469612204
"HLA-DPB1",1.34848507506756,-0.229713522308118,1.71553155217201,-1.24556028685271,-0.339305151637442,0.248595869205886,0.661623559806996,-0.618893227578833,0.677932539839334,-1.24556028685271,0.272424165990722,-1.24556028685271
"HLA-DQA1",2.13429616623819,-0.633550876202091,-0.633550876202091,-0.633550876202091,0.724369844227852,-0.633550876202091,1.47058682406677,-0.633550876202091,-0.633550876202091,-0.633550876202091,0.739154175083919,-0.633550876202091
"HLA-DRA",-0.73838058093329,0.441633626647335,1.80426805425856,0.526546055304066,-0.73838058093329,0.0867729257836226,-0.73838058093329,-0.73838058093329,0.454453273152518,0.318991397694171,1.16792174705689,-1.847064756164
"HLA-DRB1",-1.74884507787078,-0.324446633773851,1.42087649382902,-0.324446633773851,-0.324446633773851,0.275287481571287,0.703405784795351,-0.324446633773851,1.05403800046321,-0.650607983669824,1.41932515187536,-1.17569331589821
"HLA-DRB5",1.61670304813816,-0.072148179074537,0.376115153488628,0.235458426227513,1.40605258970707,0.228317370572789,-1.78670707012935,-0.072148179074537,-0.072148179074537,-0.072148179074537,-1.71519862263213,-0.072148179074537
"HLA-F",-1.1346082108271,-0.757283874450375,-0.0197858408542673,-0.764324608649378,-0.640267431824487,-1.41081726977817,1.06527229571623,-0.0197858408542673,1.11315525867085,1.75784003565503,0.830391328050197,-0.0197858408542673
"HOPX",-0.589281734294623,-0.589281734294623,2.49694035838926,-0.589281734294623,-0.589281734294623,1.1263886733035,-0.589281734294623,-0.589281734294623,0.793912816927756,-0.589281734294623,-0.589281734294623,0.297012025736459
"HSP90AA1",-0.771328652854987,-0.771328652854987,0.51206518659301,-0.771328652854987,-0.771328652854987,-0.771328652854987,-0.771328652854987,-0.771328652854987,1.3336723814992,1.64997205096029,1.31251348535351,0.591077465578895
"HSPB1",-0.328350172481369,-0.328350172481369,-1.74389760387578,-0.328350172481369,-0.328350172481369,-0.328350172481369,1.01813970786498,2.1452546624435,-0.328350172481369,-0.328350172481369,-0.328350172481369,1.20730461341826
"ID2",-0.604637542874004,-0.604637542874004,0.854453917812796,-0.604637542874004,-2.00343444814409,0.618442135511587,-0.604637542874004,-0.604637542874004,0.386882495320722,1.59727928500456,1.02249015480291,0.547074174061542
"ID3",3.17542648054294,-0.288675134594813,-0.288675134594813,-0.288675134594813,-0.288675134594813,-0.288675134594813,-0.288675134594813,-0.288675134594813,-0.288675134594813,-0.288675134594813,-0.288675134594813,-0.288675134594813
"IER2",-0.732593478485996,-0.413951814813873,-0.413951814813873,-0.413951814813873,-0.413951814813873,-0.863950204304903,1.00221493493821,0.363909101778334,-0.0244124841065034,0.830791626666169,-1.2795212975007,2.35936906027087
"IER3",-0.113367772821117,-0.113367772821117,-0.113367772821117,-0.113367772821117,-2.20936476718796,-0.113367772821117,-0.113367772821117,-0.113367772821117,-0.113367772821117,-0.113367772821117,2.24238722044325,0.987287502134763
"IER5",-0.129016755751914,-0.129016755751914,-0.61677756029793,-1.88354803875943,-0.468746610997497,-1.19177532458825,0.722318154200623,0.342143155725109,-0.129016755751914,0.817657065002201,0.822357667523087,1.84342175944783
"IFI30",1.17903052661309,-0.521855254474039,-0.521855254474039,-0.521855254474039,-0.521855254474039,-0.521855254474039,-0.521855254474039,-0.521855254474039,-0.521855254474039,1.06173183697841,2.45593492667486,-0.521855254474039
"IFIT2",-0.207654878045238,-0.207654878045238,-0.207654878045238,-0.207654878045238,3.08922137850271,-0.207654878045238,-0.207654878045238,-0.207654878045238,-0.207654878045238,-0.207654878045238,-1.01267259805033,-0.207654878045238
"IFITM1",-0.442969993415882,0.343123564019716,1.86267099587716,-0.459209000016702,-0.883631245420287,-0.395520432309514,-0.903700099105866,1.2179212504031,1.02186420559548,-1.05708354825118,-1.03510797602688,0.731642278650858
"IFITM2",-0.101463221984704,-0.706589717386255,-0.101463221984704,-0.982712216031345,-0.101463221984704,-1.06820411087994,-0.101463221984704,-0.101463221984704,-0.101463221984704,0.659340916363142,2.80840768182733,-0.101463221984704
"IFITM3",-0.0598665870697435,-0.0598665870697435,-0.684206097535662,-0.0598665870697435,-0.0598665870697435,-1.59663395155478,-0.0598665870697435,-0.0598665870697435,-0.0598665870697435,-0.0598665870697435,2.81963933271813,-0.0598665870697435
"IFNGR1",-0.361315192992808,-0.361315192992808,-0.361315192992808,0.886239965055582,0.536865380453267,-1.24180573120769,-0.361315192992808,-0.361315192992808,-0.361315192992808,2.7092219296413,-0.361315192992808,-0.361315192992808
"IGFBP7",-0.288675134594813,-0.288675134594813,-0.288675134594813,-0.288675134594813,-0.288675134594813,-0.288675134594813,-0.288675134594813,-0.288675134594813,-0.288675134594813,-0.288675134594813,-0.288675134594813,3.17542648054294
"IGHA1",1.54718005498394,-0.598126748742759,0.369508680808511,0.569868848901519,-0.598126748742759,-0.598126748742759,2.2984564052481,-0.598126748742759,-0.598126748742759,-0.598126748742759,-0.598126748742759,-0.598126748742759
"IGHG1",-0.288653790831714,-0.288653790831714,-0.288653790831714,2.2247778358562,1.80378385004161,-0.288653790831714,-1.43067756841239,-0.288653790831714,-0.288653790831714,-0.288653790831714,-0.288653790831714,-0.288653790831714
"IGKC",-0.427804425873432,1.35176387558438,1.22087926668439,1.90733116735859,-0.427804425873432,-0.427804425873432,0.168381920750816,-0.427804425873432,-0.427804425873432,-0.427804425873432,-0.427804425873432,-1.65372524926415
"IGLC1",-0.426946471719568,-0.426946471719568,-0.426946471719568,2.31221843857697,-0.426946471719568,-0.426946471719568,1.95724627861872,-0.426946471719568,-0.426946471719568,-0.426946471719568,-0.426946471719568,-0.426946471719568
"IGLC2",-0.199185511088011,-0.199185511088011,-0.199185511088011,1.82765666907792,1.43209454047382,0.831192026469028,-2.05692160263246,-0.199185511088011,-0.199185511088011,-0.199185511088011,-0.199185511088011,-0.639723055772235
"IGLC3",1.24122880196991,-0.403907422351394,-0.403907422351394,-0.403907422351394,-0.403907422351394,-0.403907422351394,2.79784542154403,-0.403907422351394,-0.403907422351394,-0.403907422351394,-0.403907422351394,-0.403907422351394
"IL1B",-0.202909234026316,-0.202909234026316,-0.202909234026316,-0.202909234026316,-1.05060159271873,-0.202909234026316,-0.202909234026316,-0.202909234026316,-0.202909234026316,-0.202909234026316,3.07969393298188,-0.202909234026316
"IL6ST",0.048289722702699,1.96129194105085,1.43707150220637,0.048289722702699,0.048289722702699,0.048289722702699,0.048289722702699,-1.46796036039518,-0.719463478616007,0.048289722702699,-1.54896766316492,0.048289722702699
"INSIG1",-0.288675134594813,-0.288675134594813,-0.288675134594813,-0.288675134594813,-0.288675134594813,-0.288675134594813,-0.288675134594813,-0.288675134594813,-0.288675134594813,-0.288675134594813,3.17542648054294,-0.288675134594813
"INTS6",-0.6987309925371,-0.6987309925371,0.220053781904616,-0.6987309925371,-0.6987309925371,-0.6987309925371,0.71997615978345,0.264729060975672,-0.6987309925371,2.1178940408266,-0.6987309925371,1.56846390426936
"IRF1",-0.820361059905947,-0.820361059905947,-0.0302053208106885,-0.2963350962985,-1.48640505514407,-0.251914008503141,0.172607703746686,0.127914566943046,1.00067555252993,2.04390395737529,-0.820361059905947,1.18084087987929
"IRF9",-0.532543023493964,-0.532543023493964,-0.532543023493964,-0.532543023493964,-0.532543023493964,-0.532543023493964,-0.532543023493964,-0.532543023493964,0.890455548886356,1.80946988224426,-0.532543023493964,2.09296178031507
"ITGB1",-0.742829736305813,-0.232663405226975,1.68053839959579,-0.936979720242716,-0.232663405226975,-0.232663405226975,0.361941394334002,-0.232663405226975,2.21318144898251,-0.232663405226975,-0.232663405226975,-1.17987135500193
"ITGB2",-0.20196143586671,-0.20196143586671,2.62874344758785,-1.04058594253384,-0.20196143586671,-1.14386039951598,-0.20196143586671,-0.20196143586671,1.17139438139565,-0.20196143586671,-0.20196143586671,-0.20196143586671
"ITM2A",-0.382521112217985,-0.382521112217985,0.855777901655766,2.35994703551133,-0.382521112217985,-0.382521112217985,-0.382521112217985,-0.382521112217985,-0.382521112217985,1.2480455208809,-0.382521112217985,-1.40360156030412
"JPX",1.24927163590827,1.34783523391578,0.989229015307042,0.397879464735925,0.821128575190362,0.662122983636468,-1.09654688083811,-0.93662149007507,-1.00794705623641,-0.980785038414585,-0.354872323220189,-1.09069411990948
"JUN",-0.632823133287467,-0.697566527106226,-0.342599610628247,-0.916046265510144,-0.641653876245322,-0.956798453423236,0.30221839964605,0.765042171073597,0.729609734890108,1.33106338889729,-0.934330914714348,1.99388508640794
"JUNB",-1.15022369504332,-0.793675481839243,-0.816636267524116,-0.698249390433942,-0.73654612696126,-0.710641436597351,0.888020400303001,1.57944243363499,0.352302422646153,1.05165174757788,-0.430521534807792,1.465076929045
"JUND",-0.859950857196624,-0.672782621543006,-0.595598251852245,-1.15931803937413,-0.856670012177287,-1.00914980712795,0.952452662301021,0.711002324146227,0.680851996733031,0.727045670082055,0.0965017105713918,1.98561522543752
"KDM6B",-0.595808358192291,-0.595808358192291,-0.595808358192291,-0.595808358192291,-0.595808358192291,-0.595808358192291,0.64284604221703,-0.595808358192291,-0.595808358192291,0.400144788351654,2.43383740803245,1.28963862693719
"KIR3DL2",-0.403474361490674,-0.403474361490674,-0.403474361490674,-0.403474361490674,-0.403474361490674,1.23235385314227,-0.403474361490674,-0.403474361490674,-0.403474361490674,-0.403474361490674,-0.403474361490674,2.80238976176447
"KLF2",-0.406636775101386,-1.1722587885399,-1.17686536962704,0.307846636522333,-0.406636775101386,1.40812637977113,-0.406636775101386,1.60343561080234,0.847263259120535,0.952042646121467,-1.1430432737653,-0.406636775101386
"KLRB1",-0.223995221399985,-1.14507204817038,-0.223995221399985,-0.223995221399985,-0.223995221399985,-0.223995221399985,-0.223995221399985,-1.07349361390847,1.78978118234046,-0.223995221399985,-0.223995221399985,2.22074625093827
"KLRC3",0.273853857839853,0.273853857839853,-0.45026058043966,0.273853857839853,0.273853857839853,1.83091179364046,0.273853857839853,0.273853857839853,-2.26912381623841,0.273853857839853,0.273853857839853,-1.30235825968122
"KLRD1",-0.439207960046576,-0.439207960046576,2.96189817867832,0.493007951912794,-0.439207960046576,0.497965509828071,-0.439207960046576,-0.439207960046576,-0.439207960046576,-0.439207960046576,-0.439207960046576,-0.439207960046576
"KLRG1",0.0124668474091742,0.0124668474091742,2.28187934782013,0.0124668474091742,0.0124668474091742,0.0124668474091742,0.0124668474091742,0.0124668474091742,0.0124668474091742,0.0124668474091742,0.0124668474091742,-2.40654782191187
"LAIR2",-0.491319415195163,-0.491319415195163,2.70578196568493,-0.491319415195163,-0.491319415195163,-0.491319415195163,-0.491319415195163,-0.491319415195163,0.987861340342134,-0.491319415195163,-0.491319415195163,0.728231430729405
"LDHA",-0.614792132073328,-0.614792132073328,0.861379845021557,-0.614792132073328,-0.614792132073328,-0.614792132073328,-0.614792132073328,0.68220351686027,0.954442010911219,-0.614792132073328,-0.614792132073328,2.42031168379358
"LEPROTL1",-0.187609320585969,-0.187609320585969,-1.97449074896333,-0.187609320585969,-0.187609320585969,-0.187609320585969,-0.927276744901677,1.27637125975888,-0.187609320585969,1.31413072953941,-0.187609320585969,1.6245307486685
"LGALS1",-0.80316566117278,-0.80316566117278,1.6546698872789,-0.80316566117278,-0.80316566117278,-0.80316566117278,-0.420138040409318,-0.319184477054002,2.01674682732825,0.611617319232434,0.556610123895288,-0.0844933344076503
"LGALS2",-0.428166587417008,-0.428166587417008,-0.428166587417008,-0.428166587417008,2.15501752697049,-0.428166587417008,-0.428166587417008,-0.428166587417008,-0.428166587417008,-0.428166587417008,2.12664834719958,-0.428166587417008
"LILRA5",-0.288675134594813,-0.288675134594813,-0.288675134594813,-0.288675134594813,-0.288675134594813,-0.288675134594813,-0.288675134594813,-0.288675134594813,-0.288675134594813,-0.288675134594813,3.17542648054294,-0.288675134594813
"LIMD2",-0.288675134594813,-0.288675134594813,-0.288675134594813,-0.288675134594813,-0.288675134594813,-0.288675134594813,-0.288675134594813,-0.288675134594813,-0.288675134594813,-0.288675134594813,-0.288675134594813,3.17542648054294
"LINC00861",-0.286181775447327,1.82183370529055,1.14152095702475,1.09470752861613,-0.286181775447327,0.588501125153429,-0.286181775447327,-0.286181775447327,-0.286181775447327,-1.30531767998548,-0.286181775447327,-1.62415498341542
"LINC01871",-0.338443528070036,-0.338443528070036,1.10003831254029,-0.338443528070036,-0.338443528070036,-0.338443528070036,-0.338443528070036,-0.338443528070036,1.35698021606705,1.99619852749708,-0.338443528070036,-1.74566883154414
"LINC02384",-0.42043745701462,-0.42043745701462,-0.42043745701462,-0.42043745701462,-0.42043745701462,2.54600069425808,-0.42043745701462,-0.42043745701462,-0.42043745701462,-0.42043745701462,-0.42043745701462,1.65837387588811
"LINC02397",2.35841444244815,-0.00265029782483704,-0.00265029782483704,-0.00265029782483704,-0.00265029782483704,-0.00265029782483704,-2.33191146419978,-0.00265029782483704,-0.00265029782483704,-0.00265029782483704,-0.00265029782483704,-0.00265029782483704
"LITAF",0.11622237939517,-0.614881508014002,0.719259670970811,-0.614881508014002,-0.614881508014002,0.410599232070918,-0.614881508014002,-1.34791672190173,-0.614881508014002,0.603618673440395,2.49456231508226,0.0780619910121909
"LM0",-0.288675134594813,-0.288675134594813,-0.288675134594813,-0.288675134594813,-0.288675134594813,-0.288675134594813,-0.288675134594813,-0.288675134594813,-0.288675134594813,3.17542648054294,-0.288675134594813,-0.288675134594813
"LSP1",-0.00726512481768363,-0.00726512481768363,2.09339421757812,-0.00726512481768363,-0.741816267683453,0.97044059031492,-0.00726512481768363,-0.00726512481768363,-0.00726512481768363,-0.00726512481768363,-2.26389754166812,-0.00726512481768363
"LST1",-0.207815292450183,-0.207815292450183,-0.207815292450183,0.787525610006821,-1.62710473532582,-0.207815292450183,-0.207815292450183,-0.207815292450183,-0.207815292450183,-0.207815292450183,2.70991675737065,-0.207815292450183
"LUCAT1",-0.189056226683908,-0.189056226683908,-0.189056226683908,-0.189056226683908,-1.1589366059224,-0.189056226683908,-0.189056226683908,-0.189056226683908,-0.189056226683908,-0.189056226683908,3.04949887276147,-0.189056226683908
"LYZ",0.351423246115698,-0.346712849908975,-0.346712849908975,0.390281735671924,-1.60647399682658,-0.346712849908975,-0.346712849908975,0.286800793691601,0.511030243867112,1.77192090475152,-1.59587991893661,1.27774839130122
"MAF",-0.174884059278674,-0.853559082183338,0.911708404843789,-1.20353127029579,-0.174884059278674,-1.01891247449353,-0.174884059278674,-1.03409755176802,1.93100095400469,1.20560428622292,-0.174884059278674,0.761322970783973
"MAFB",0.032864801686288,0.032864801686288,0.032864801686288,0.032864801686288,-2.5026133712571,0.032864801686288,0.032864801686288,0.032864801686288,0.032864801686288,0.032864801686288,2.17396535439422,0.032864801686288
"MAFF",-0.347037515806296,-0.347037515806296,-0.347037515806296,-0.347037515806296,-0.347037515806296,-1.44418261801464,-0.347037515806296,-0.347037515806296,-0.347037515806296,1.17326139683307,0.540875971371372,2.50634537626057
"MALAT1",0.332570129452821,0.332570129452821,1.2438548210312,-0.436285818302066,2.16972229448889,0.332570129452821,-1.26002400333379,-0.474735673394414,0.332570129452821,-0.61596833654463,-0.926928225080755,-1.02991557667571
"MAP3K8",-0.773472499646965,-0.773472499646965,-0.155609064560302,-0.263361151685059,-0.773472499646965,-0.773472499646965,-0.307348240108495,-0.773472499646965,-0.214302344999412,1.7399491546322,1.39101369755935,1.67702044739654
"MARCKSL1",-0.677964179290824,-0.677964179290824,-0.677964179290824,-0.677964179290824,-0.677964179290824,-0.677964179290824,-0.677964179290824,0.482701345981223,0.0883206084985032,0.587850184305278,2.41123274681711,1.17564436943366
"METRNL",-0.838808345877433,-0.838808345877433,0.532532547155121,-0.239058745903225,-1.29887967285865,0.0665370585831579,-0.838808345877433,-0.838808345877433,0.235865733865051,1.80707195219222,0.739360724495717,1.51180378598034
"MFSD14B",-0.426676565134586,-0.426676565134586,-0.426676565134586,-0.426676565134586,1.93738980807143,-0.426676565134586,-0.426676565134586,-0.426676565134586,-0.426676565134586,-0.426676565134586,2.32937584327443,-0.426676565134586
"MIAT",-0.1595806370734,-0.1595806370734,2.20252845359345,-0.1595806370734,-0.1595806370734,1.6164657612737,-0.1595806370734,-0.1595806370734,-0.1595806370734,-1.04711039834931,-0.1595806370734,-1.49523871993063
"MIDN",-0.571706876309644,-0.571706876309644,0.447289865271335,-0.571706876309644,-1.73330447577656,-0.571706876309644,0.592837096503653,-0.571706876309644,0.284847784030173,0.386682213551472,2.28611178458841,0.594070113379735
"MRPL10",-0.499651861464937,-0.499651861464937,0.684267524885518,-0.499651861464937,-0.499651861464937,-0.499651861464937,-0.499651861464937,-0.499651861464937,1.19322399663546,-0.499651861464937,-0.499651861464937,2.61937523166345
"MRPL23",-0.775078060348487,-0.775078060348487,-0.775078060348487,-0.775078060348487,-0.775078060348487,-0.775078060348487,0.999142586466304,1.08805383415175,1.04655141800512,0.478370002834404,1.81342858098183,-0.775078060348487
"MS4A7",-0.288675134594813,-0.288675134594813,-0.288675134594813,-0.288675134594813,-0.288675134594813,-0.288675134594813,-0.288675134594813,-0.288675134594813,-0.288675134594813,-0.288675134594813,3.17542648054294,-0.288675134594813
"MT-ATP6",1.09351678290665,1.08715982226996,1.75945776064406,-0.304548928260749,0.975477386875019,-0.304548928260749,-0.304548928260749,-0.304548928260749,-0.304548928260749,-1.5583907132903,-0.911191251100022,-0.923285147001616
"MT-CO1",0.805114928906545,0.867647172273229,2.2445928797183,-0.0952694416748421,0.701326190204251,0.0149634204516309,-0.611848936561011,-0.611848936561011,-0.611848936561011,-1.47913046707406,-0.611848936561011,-0.611848936561011
"MT-CO2",0.917076160540228,0.94550232333952,1.81080517183027,0.109026804828868,1.05964146368593,-0.403158430302464,-0.403158430302464,-0.403158430302464,-0.403158430302464,-1.56262683485567,-1.26363293785682,-0.403158430302464
"MT-CO3",0.915390258347695,0.919315562406008,1.7466183060119,-0.294306654885211,1.08989478834483,-0.294306654885211,-0.294306654885211,-0.294306654885211,-0.294306654885211,-1.86382295472381,-1.04155603107536,-0.294306654885211
"MT-CYB",1.16836038112648,1.0442721638372,1.85518199546064,-0.0815638505689783,0.681319391981314,-0.62617300350033,-0.0815638505689783,-0.669196176566025,-0.0815638505689783,-1.54981434558867,-0.838704102796883,-0.820554752246781
"MT-ND1",1.15396787396219,1.01955501634511,1.5264849976383,-0.324806871937329,1.06023209023126,-0.247713788060477,-0.275182617486386,-0.369582935808216,-0.142565147365115,-1.59381242587651,-1.45238594632283,-0.354190245319995
"MT-ND4",0.949322489627299,0.988219467815947,1.6354529758311,0.391225508513047,1.00883369131795,0.211705520911627,-0.461187999524268,-0.641664240749117,-0.572448049175705,-1.33205832322302,-1.34835360987961,-0.829047431465252
"MT-ND4L",1.00552419832472,0.893487757314194,1.01023054564624,-0.141218248298948,1.49353335487142,-0.192385253705476,-0.0866700163981964,0.0268618464667075,-0.135437669712122,-0.848489274970965,-2.04153450894985,-0.983902730587721
"MT-ND5",0.904859014426773,1.20321044059854,1.19847121449906,-0.0250718374801014,1.59075668943197,-0.194350903424345,-0.370157928751247,-0.458902374905306,-0.399184545552908,-0.854338880686044,-1.04899415356441,-1.54629673459197
"MT2A",0.100226628142341,-0.423098555411737,0.100226628142341,0.100226628142341,1.10283918973695,-0.704988432550938,-0.50238159431199,-0.547388393898476,-1.05504990240338,0.606166921097693,2.38599257291191,-1.16277168959706
"MTFP1",-0.566328946684134,-0.566328946684134,-0.566328946684134,-0.566328946684134,-0.566328946684134,-0.566328946684134,-0.566328946684134,0.331048194658569,0.421673396770888,2.59975345621349,-0.566328946684134,1.17815652583012
"MTRNR2L12",-0.914747311748285,-0.914747311748285,-0.914747311748285,-0.914747311748285,-0.914747311748285,-0.914747311748285,1.51953501197634,0.955334482267331,0.874757594981487,0.773937700206843,0.201787591291215,1.16313148976649
"MXD1",-0.163476253204758,-0.163476253204758,-0.163476253204758,-0.163476253204758,-0.163476253204758,-1.35016698929695,-0.163476253204758,-0.163476253204758,-0.163476253204758,-0.163476253204758,2.98492952134454,-0.163476253204758
"MYADM",0.0241482924516494,0.0241482924516494,-0.56329673192932,-1.47719600788509,-1.05454763024566,-1.64002020020397,0.958972571926655,0.645554925845329,0.787023113704069,0.85052453651328,0.0241482924516494,1.42054054491976
"MYO1F",0.118773609513534,0.118773609513534,2.57518188202119,0.118773609513534,0.118773609513534,0.118773609513534,0.118773609513534,0.118773609513534,0.118773609513534,-1.33252501679588,-0.901908386700213,-1.29093735463337
"0AA",-0.385709387371819,-0.385709387371819,-0.385709387371819,-0.385709387371819,0.910289575089648,-0.385709387371819,-0.385709387371819,-0.385709387371819,-0.385709387371819,-0.385709387371819,2.94680429862854,-0.385709387371819
"0P1L1",0.0135554571371542,0.0135554571371542,-1.51467147785754,0.0135554571371542,0.0135554571371542,0.0135554571371542,0.0135554571371542,-1.04473874075047,-0.881840380404298,0.886958611639664,2.45940378741256,0.0135554571371542
"NDUFS5",-0.615108301236389,-0.615108301236389,-0.615108301236389,-0.615108301236389,-0.615108301236389,-0.615108301236389,-0.615108301236389,0.988640649111082,-0.615108301236389,0.762743673925144,2.41874872545623,0.750733361398663
"NEAT1",0.715466544586068,1.0129059356481,1.83264321189257,0.209808821101854,0.83580588909716,0.209808821101854,-0.409121130718067,-0.70745245599199,-0.198103433875958,-1.5029976316188,-0.579089978939479,-1.41967459228332
"NFE2L2",-0.458630878884667,-0.458630878884667,-0.458630878884667,-0.458630878884667,-0.458630878884667,-0.458630878884667,-0.458630878884667,-0.458630878884667,-0.458630878884667,2.86746115571043,0.417372814695658,0.842843939555919
"NFKBIA",-0.574523891450043,-0.83330451123924,-0.830554090897944,-0.964318188725675,-0.996901739708702,-0.820667337764951,1.06312964491613,0.346353210627601,0.185724519332712,0.996501795939673,0.359347436646555,2.06921315232389
"NFKBID",-0.288675134594813,-0.288675134594813,-0.288675134594813,-0.288675134594813,-0.288675134594813,-0.288675134594813,3.17542648054294,-0.288675134594813,-0.288675134594813,-0.288675134594813,-0.288675134594813,-0.288675134594813
"NFKBIZ",-0.327294298087764,-0.327294298087764,-0.327294298087764,-0.327294298087764,-1.23675998390492,-0.327294298087764,-1.39198203403948,0.57550512891597,-0.327294298087764,0.498632534649571,2.00492540645531,1.51344473645014
"NINJ1",-0.202248247087637,-0.202248247087637,-0.202248247087637,-0.202248247087637,-1.05585077908351,-0.202248247087637,-0.202248247087637,-0.202248247087637,-0.202248247087637,-0.202248247087637,3.07833324995988,-0.202248247087637
"NKG7",0.475944480181465,-0.595934228870683,2.11184160150721,-1.01589494424173,-0.595934228870683,-0.595934228870683,-0.595934228870683,-0.595934228870683,1.76378364365523,0.045743846295794,-0.595934228870683,0.194186745826128
"NR4A1",-0.403468940956871,-0.403468940956871,-0.403468940956871,-0.403468940956871,-0.403468940956871,-0.403468940956871,1.23224317600338,-0.403468940956871,-0.403468940956871,-0.403468940956871,2.80244623356533,-0.403468940956871
"NR4A2",-0.658761960571654,-0.658761960571654,-0.658761960571654,-0.658761960571654,-0.658761960571654,-0.658761960571654,0.397213306223311,0.326804104658393,0.0387991541330012,1.5430749716386,-0.658761960571654,2.30544218734827
"NXT1",-0.306044883913934,-0.306044883913934,-0.306044883913934,-0.306044883913934,-1.28295612258431,-0.306044883913934,-0.306044883913934,-0.306044883913934,-0.306044883913934,-0.306044883913934,1.59387764375591,2.44348243405381
"OLR1",-0.288675134594813,-0.288675134594813,-0.288675134594813,-0.288675134594813,-0.288675134594813,-0.288675134594813,-0.288675134594813,-0.288675134594813,-0.288675134594813,-0.288675134594813,3.17542648054294,-0.288675134594813
"OSM",-0.253309425333028,-0.253309425333028,-0.253309425333028,-0.253309425333028,-1.01996405907568,-0.253309425333028,-0.253309425333028,-0.253309425333028,-0.253309425333028,0.246661883968003,3.05308700310493,-0.253309425333028
"PDE4B",-1.49007930884579,-0.388982882559328,-0.388982882559328,-0.388982882559328,-0.388982882559328,-0.388982882559328,1.02101596966307,-0.388982882559328,-0.388982882559328,1.5504510753767,2.03047532428064,-0.388982882559328
"PFKFB3",-0.288675134594813,-0.288675134594813,-0.288675134594813,-0.288675134594813,-0.288675134594813,-0.288675134594813,-0.288675134594813,-0.288675134594813,-0.288675134594813,-0.288675134594813,3.17542648054294,-0.288675134594813
"PFN1",0.416164839632507,-0.695779100474299,2.36525830996022,-0.695779100474299,-0.695779100474299,-0.695779100474299,1.20179674494156,-0.695779100474299,0.49696821619302,-0.695779100474299,0.390265592592787,-0.695779100474299
"PHACTR1",-0.233935906539691,-0.233935906539691,-0.233935906539691,-0.233935906539691,-1.62533448975148,-0.233935906539691,1.19214877269449,-0.233935906539691,-0.233935906539691,-0.233935906539691,2.53860887591421,-0.233935906539691
"PHLDA2",-0.288675134594813,-0.288675134594813,-0.288675134594813,-0.288675134594813,-0.288675134594813,-0.288675134594813,-0.288675134594813,-0.288675134594813,-0.288675134594813,-0.288675134594813,3.17542648054294,-0.288675134594813
"PIK3R1",0.0904227112063226,0.0904227112063226,0.0904227112063226,0.0904227112063226,0.0904227112063226,-1.43784660159357,-0.784844198565459,-0.603890746087603,-0.933698406257435,2.57171792975177,0.646025755514356,0.0904227112063226
"PIM2",-1.49006650386262,-0.280393566481153,-0.280393566481153,-0.280393566481153,-0.280393566481153,-0.280393566481153,2.10058553363165,1.91302306856134,-0.280393566481153,-0.280393566481153,-0.280393566481153,-0.280393566481153
"PLAC8",0.140853778937262,0.140853778937262,-2.07359243328202,0.140853778937262,0.140853778937262,-0.593272126557477,0.140853778937262,0.140853778937262,-1.20192224435967,0.140853778937262,1.9934238584541,0.889386493184227
"PLAUR",-0.174061649950644,-0.174061649950644,-0.174061649950644,-0.174061649950644,-1.27237144177648,-0.174061649950644,-0.174061649950644,-0.174061649950644,-0.174061649950644,-0.174061649950644,3.01298794128291,-0.174061649950644
"PLEK",-0.424457983246798,-0.424457983246798,1.99444266183711,-0.424457983246798,-0.424457983246798,0.519278986902586,-0.424457983246798,-0.424457983246798,1.09059354415728,-1.0882707454192,1.29936135997601,-1.26865790797299
"PLIN2",-0.346865926352798,-0.346865926352798,-0.346865926352798,-0.346865926352798,-1.42201091056392,-0.346865926352798,-0.346865926352798,-0.346865926352798,0.479292367967844,1.1973132217381,2.52033273168036,-0.346865926352798
"PMAIP1",-0.954874208118117,0.174143140424578,-0.465552230853343,-1.71194099131031,-0.637943677850903,-1.07894443818939,0.898569103480022,0.174143140424578,0.720679917228297,0.975390079914241,0.174143140424578,1.73218702442577
"POLR2J3",0.841158435954242,1.07433437409175,1.389673233683,-0.550660023129991,1.12815619160458,0.827329472100913,-0.491672423547069,-0.443751554818696,-0.278806062020816,-1.40910823480439,-0.677545174309132,-1.40910823480439
"PPDPF",-0.763105737388305,-1.23534806351559,1.03929926210031,-1.06346057906313,-1.22552547424541,-0.578961811251951,0.381610555821587,0.292927242596648,1.09961303957838,-0.43970256316108,1.01960972887602,1.47304439965252
"PPIF",-0.112370810180191,-0.112370810180191,-0.112370810180191,-0.112370810180191,-1.70114927003859,-0.112370810180191,-0.112370810180191,-0.112370810180191,-0.112370810180191,-0.112370810180191,2.8248573718405,-0.112370810180191
"PPP1R15A",-0.451421200229167,-0.218724682593884,-0.546251460121788,-1.50964054111941,-0.629884599524632,-1.43786643623737,0.948157567159088,0.712885370050097,0.561237680489785,0.44084939601174,0.19344621520641,1.93721269090914
"PRELID1",-0.708100536320845,-0.708100536320845,0.53770408206615,-0.708100536320845,-0.708100536320845,-0.708100536320845,1.07291268864412,0.668669847414218,0.334097332141193,-0.708100536320845,2.34331980398023,-0.708100536320845
"PRF1",-0.462593474284685,-0.462593474284685,2.56703478532395,-0.462593474284685,-0.462593474284685,-0.462593474284685,-0.462593474284685,-0.462593474284685,1.5760673482741,0.0202391349641123,-0.462593474284685,-0.462593474284685
"PRSS23",-0.700951037822058,-0.700951037822058,1.99682798713274,-0.700951037822058,-0.700951037822058,1.54799265013771,-0.700951037822058,-0.700951037822058,1.03989467110719,0.0128730303273277,-0.700951037822058,0.309068926049437
"PTGDS",-0.331307453423165,-0.331307453423165,-0.331307453423165,-0.331307453423165,-0.331307453423165,0.170919167068671,-0.331307453423165,-0.331307453423165,-0.331307453423165,-0.331307453423165,-0.331307453423165,3.14215536716298
"PTMS",-0.370629393184184,-0.370629393184184,1.33384889394753,-0.370629393184184,-0.370629393184184,-0.370629393184184,-0.370629393184184,-0.370629393184184,1.8734017599892,1.39265405344778,-0.370629393184184,-1.63486956191103
"PTP4A2",-0.692897318616706,-0.692897318616706,0.366876787503697,-0.692897318616706,-0.692897318616706,1.09627956393776,-0.692897318616706,-0.692897318616706,0.412920330419149,0.562608863176141,2.41159568528019,-0.692897318616706
"RAB5IF",-0.528261660924623,-0.528261660924623,0.807700917604925,-0.528261660924623,-0.528261660924623,-0.528261660924623,-0.528261660924623,-0.528261660924623,-0.528261660924623,2.12830567032164,-0.528261660924623,1.81834836039504
"RAC1",-0.243195514232635,-0.243195514232635,-0.243195514232635,-0.243195514232635,-1.59600748934912,-0.243195514232635,-0.243195514232635,-0.243195514232635,-0.243195514232635,1.27665938995046,-0.243195514232635,2.50810772749237
"RASGEF1B",-0.133777140177281,-0.133777140177281,-0.133777140177281,-0.133777140177281,-2.0340986255641,-0.133777140177281,0.765010993661226,-0.133777140177281,-0.133777140177281,-0.133777140177281,2.4730818934984,-0.133777140177281
"RASSF5",-0.0127040855013528,-0.0127040855013528,-0.0127040855013528,-0.0127040855013528,-0.0127040855013528,-0.0127040855013528,-0.0127040855013528,-1.28398587067534,-1.34684388967231,-0.0127040855013528,2.74516652985982,-0.0127040855013528
"RBM38",-1.64989437808651,-0.246670931877351,-0.246670931877351,-0.246670931877351,-0.246670931877351,-0.246670931877351,-0.246670931877351,-0.246670931877351,-0.246670931877351,1.58708723629529,-0.246670931877351,2.28284552868737
"RCSD1",1.93492305352391,0.935425867715238,0.0359927220616935,0.0359927220616935,1.23979825410637,0.0359927220616935,0.0359927220616935,-1.46544320028894,-0.919730611458457,-0.830703295593811,0.0359927220616935,-1.07423367831278
"RETN",0.0988346000312181,0.0988346000312181,0.0988346000312181,0.0988346000312181,-2.77604759248146,0.0988346000312181,0.0988346000312181,0.0988346000312181,0.0988346000312181,0.0988346000312181,1.78770159216928,0.0988346000312181
"RGCC",-0.441089970940177,0.440671185308854,-0.441089970940177,-0.441089970940177,-1.4447730110204,-0.441089970940177,-0.441089970940177,-0.441089970940177,-0.441089970940177,2.45143675762518,0.79106549933254,0.849229365335071
"RGS1",-0.592760112324912,-1.16076886991343,-0.924391698331195,-1.29455896585049,-0.592760112324912,-0.592760112324912,0.906672858446354,1.38892626342273,0.63829005127583,0.363391287952183,0.207047381770667,1.65367202820208
"RGS2",-1.04525751634256,-0.218652402515509,-0.218652402515509,-0.681900270188017,-0.218652402515509,-0.218652402515509,1.56074228879362,-0.218652402515509,0.367950577970419,1.20495137832289,-1.75835153693203,1.44512709095322
"RHOC",-0.485894974120486,-0.485894974120486,0.673889061248006,-0.485894974120486,-0.485894974120486,-0.485894974120486,-0.485894974120486,-0.485894974120486,-0.485894974120486,-0.485894974120486,2.73815326111115,0.961012444725218
"RORA",0.0202309819156799,0.0202309819156799,2.28651226390567,0.0202309819156799,0.0202309819156799,0.684905110967206,0.0202309819156799,-1.06296366501703,0.667235275785034,-1.13864486203171,0.0202309819156799,-1.55843001510326
"RPL12",-1.16686880355054,-0.527601133490881,-1.65525240529782,0.590679098314943,-1.25559303745373,-0.527601133490881,1.01693437474881,0.438694525646227,0.298176403640681,1.4760421737959,0.481533387780786,0.830856549356503
"RPL22L1",-0.445173337130279,-0.845264485028746,-0.845264485028746,-0.845264485028746,-0.845264485028746,-1.34747063854761,1.74776170126581,0.929174142467042,0.857369555474019,0.942643467654018,0.763001753289148,-0.066248704357165
"RPL37",-0.267468961408834,-0.267468961408834,-2.0418430054145,0.584029891978175,-1.27757951342033,-0.267468961408834,0.8107314803644,0.675568709964936,-0.267468961408834,1.14939379045515,-0.267468961408834,1.43704345311633
"RPL38",-1.17298074688547,-0.832418526059346,-1.91809022943107,0.125569327870699,-0.874119846547537,-0.302178331655613,0.819931681611723,0.83781936021552,0.66626336180702,1.26778576523348,0.689857031687231,0.692561152153361
"RPS16",-0.348128317600684,-0.348128317600684,-2.42011449819805,0.421625097536688,-0.348128317600684,-0.348128317600684,0.946916412735153,-0.348128317600684,-0.348128317600684,0.913441927470418,1.23081175381063,0.996089212249267
"RPS26",-0.840183274159604,-0.840183274159604,-0.707068079585722,-1.17877952652077,-1.0891982256333,-0.727266783551842,1.27936947491463,1.31806333302062,1.32549741063174,0.750371787249246,0.2172812332739,0.492095924520708
"RPS29",-1.10800000568392,-0.884224399924739,-1.74626822274205,0.0615714001538461,-1.14060345929872,-0.30879300706182,0.982500727284172,0.818797723003234,0.603393065649431,1.12264539057085,0.764942983824782,0.834037804224929
"RPS3A",-1.21164140915038,-0.24759031996445,-2.35533102913117,0.0320119489785916,-0.507769554506973,0.0670369962799395,0.780892883309805,1.16919849991715,1.02477192451004,0.225827832517248,0.339730875517854,0.682861351722341
"RPS4X",0.564692087299086,1.60993695219356,0.579425168059225,1.35503370703194,0.528585879024119,0.505252505899345,0.0439611464065479,-1.03737748918276,-1.03737748918276,-1.03737748918276,-1.03737748918276,-1.03737748918276
"RPS9",-0.932991223295573,-0.932991223295573,-0.932991223295573,1.17352857602542,-0.932991223295573,-0.932991223295573,-0.0894196359641965,-0.0810419273241925,0.08814680453706,1.28053852294603,1.84623155967598,0.446972216581765
"RRAS",-0.288675134594813,-0.288675134594813,-0.288675134594813,-0.288675134594813,-0.288675134594813,-0.288675134594813,-0.288675134594813,-0.288675134594813,-0.288675134594813,-0.288675134594813,3.17542648054294,-0.288675134594813
"RSRP1",0.790708626915251,0.38736473167041,1.15817655895896,-0.429360321451452,1.87492187526485,-0.429360321451452,-0.429360321451452,-0.429360321451452,-0.429360321451452,-0.429360321451452,-2.02690418586118,0.391894321760418
"RUNX3",-0.522430093835693,-0.522430093835693,0.963002697819838,-0.522430093835693,-0.522430093835693,-0.522430093835693,-0.522430093835693,-0.522430093835693,-0.522430093835693,1.3096754341695,2.4291927125319,-0.522430093835693
"S100A10",-0.735877126212564,-0.735877126212564,0.361231276536198,-0.735877126212564,-0.735877126212564,-0.735877126212564,1.94452660456081,-0.735877126212564,1.48416694257252,0.970881109368223,0.390333950450192,-0.735877126212564
"S100A11",0.770246268671514,0.616637458990458,1.55771551868949,-0.458315615491519,-0.458315615491519,-0.458315615491519,-0.458315615491519,-0.458315615491519,0.819630288834447,-0.458315615491519,1.09805007986825,-2.11238592210505
"S100A12",-0.281315807392174,-0.281315807392174,-0.281315807392174,-0.281315807392174,-1.06031549404408,-0.281315807392174,-0.281315807392174,-0.281315807392174,-0.281315807392174,0.631672354784042,2.9604854057896,-0.281315807392174
"S100A4",-0.203922108821452,-0.203922108821452,2.43474717443121,-1.10092040335924,-0.774449010757581,-0.203922108821452,-0.203922108821452,-0.203922108821452,1.36027767205906,-0.203922108821452,0.329454302299854,-1.0255770817446
"S100A6",-0.111524131659344,-0.111524131659344,2.01526760208453,-1.32342466838452,-0.111524131659344,-0.924417670112033,-0.111524131659344,-0.111524131659344,1.8726929895726,-0.111524131659344,-0.111524131659344,-0.859449331545176
"S100A8",0.515236026056735,-0.605722525619841,-0.605722525619841,0.252418237096275,-1.14736717095573,-0.605722525619841,-0.605722525619841,-0.605722525619841,-0.605722525619841,1.92368988534611,0.249068118921877,1.84129005725378
"S100A9",-0.440739272896681,-0.726378553012236,-0.440739272896681,-0.113876858945913,-0.728364656842378,-0.440739272896681,-1.20365844849686,0.0309685199590341,0.0125923000986426,2.11309243659911,0.0876017782258178,1.85024130110483
"S100B",0.195110991829107,0.195110991829107,0.195110991829107,1.85958871164156,0.195110991829107,-1.23199952117321,0.195110991829107,0.195110991829107,0.195110991829107,0.195110991829107,0.195110991829107,-2.38358811693032
"S1PR5",-0.410077128992582,-0.410077128992582,2.72499845859458,-0.410077128992582,-0.410077128992582,-0.410077128992582,-0.410077128992582,-0.410077128992582,1.37577283133125,-0.410077128992582,-0.410077128992582,-0.410077128992582
"SAMSN1",-0.652334180125715,-0.652334180125715,0.250339643797785,-0.652334180125715,0.199706492755107,-0.652334180125715,-0.652334180125715,-0.652334180125715,0.480456628434489,1.08369208478757,2.55214441110506,-0.652334180125715
"SARAF",-0.59633648024615,-0.59633648024615,-1.44047142106817,0.693622536791511,-0.59633648024615,0.366446928922447,-0.59633648024615,0.541462112026767,-0.59633648024615,1.85841041575857,-0.59633648024615,1.55854830904578
"SAT1",-0.999697256241265,-0.999697256241265,0.519871346394199,-0.999697256241265,-0.999697256241265,-0.999697256241265,0.255247509189024,0.337811974508484,0.139770224598407,1.89914816907885,1.25660432701939,0.590032730417968
"SDR42E2",-0.596348776334396,-0.596348776334396,-0.596348776334396,-1.51044937257093,-0.596348776334396,-0.596348776334396,0.87193324295535,1.36851988674823,0.607823984486345,0.387741234128319,-0.596348776334396,1.85252368225906
"SELENOK",-0.738705638793182,-0.738705638793182,-0.738705638793182,-0.738705638793182,-0.738705638793182,-0.738705638793182,-0.738705638793182,0.263438225088538,0.458477207159199,1.78486336107955,1.0439974264298,1.62016325179519
"SERPI01",-0.288675134594813,-0.288675134594813,-0.288675134594813,-0.288675134594813,-0.288675134594813,-0.288675134594813,-0.288675134594813,-0.288675134594813,-0.288675134594813,-0.288675134594813,3.17542648054294,-0.288675134594813
"SERPINB9",-0.456683077741137,-0.456683077741137,0.729020270990541,-0.456683077741137,0.838113675122365,1.41175495640913,-1.66438221880657,-0.456683077741137,-0.456683077741137,-0.456683077741137,1.88227486047249,-0.456683077741137
"SERTAD1",-0.153591123590036,-0.153591123590036,-0.153591123590036,-1.6219033648245,-0.153591123590036,-1.04379676711768,-0.153591123590036,-0.153591123590036,0.63714777574235,-0.153591123590036,0.57912151984319,2.52456870148689
"SERTAD3",-0.50288563323851,-0.50288563323851,-0.50288563323851,-0.50288563323851,-0.50288563323851,-0.50288563323851,-0.50288563323851,-0.50288563323851,0.6438945762022,1.31890599289245,-0.50288563323851,2.56317013005194
"SH2D2A",-0.647563536943402,-0.647563536943402,1.26235783330883,-0.647563536943402,-0.647563536943402,-0.647563536943402,-0.647563536943402,-0.647563536943402,0.582523176036812,1.39467770733948,-0.647563536943402,1.94094957886209
"SH3BGRL3",-0.68624073801352,-0.68624073801352,2.3798019685983,-0.68624073801352,-0.68624073801352,0.0253702341424505,0.545721604096809,-0.68624073801352,1.03861089308683,-0.68624073801352,0.814180466170242,-0.68624073801352
"SIGLEC10",-0.288675134594813,-0.288675134594813,-0.288675134594813,-0.288675134594813,-0.288675134594813,-0.288675134594813,-0.288675134594813,-0.288675134594813,-0.288675134594813,-0.288675134594813,3.17542648054294,-0.288675134594813
"SKIL",0.304004345909077,-0.702168735892372,-0.702168735892372,-0.702168735892372,-0.702168735892372,-0.702168735892372,-0.702168735892372,0.390960537633668,-0.702168735892372,0.704476743554522,2.31775590987021,1.19798361427913
"SLC2A3",-1.24682916700008,-0.598399811238985,-0.598399811238985,-0.598399811238985,0.106169075711613,-0.598399811238985,1.10845238984218,2.23166841055954,-0.598399811238985,0.929227582495409,-0.598399811238985,0.461710575825254
"SLC8A1",-0.288675134594813,-0.288675134594813,-0.288675134594813,-0.288675134594813,3.17542648054294,-0.288675134594813,-0.288675134594813,-0.288675134594813,-0.288675134594813,-0.288675134594813,-0.288675134594813,-0.288675134594813
"SLFN5",0.293716967918428,1.10893576880918,0.819761331042576,0.862665349459484,1.09267488599267,0.293716967918428,0.293716967918428,-1.43845789327786,-1.27260421176574,-0.743701796663402,0.293716967918428,-1.60414130527062
"SNHG9",-0.288675134594813,-0.288675134594813,-0.288675134594813,-0.288675134594813,-0.288675134594813,-0.288675134594813,-0.288675134594813,-0.288675134594813,-0.288675134594813,-0.288675134594813,-0.288675134594813,3.17542648054294
"SOCS3",-0.507246870390586,0.10383249354062,-1.02738795637676,-0.507246870390586,0.0264504122310489,-0.507246870390586,-0.507246870390586,2.76204943512491,-0.507246870390586,0.407877639355512,0.770659198468185,-0.507246870390586
"SPN",-0.0831815234556624,-0.0831815234556624,1.39554324198742,-0.0831815234556624,-0.0831815234556624,-0.0831815234556624,-0.0831815234556624,-1.0857119271533,-0.0831815234556624,-0.0831815234556624,2.14696028362844,-1.79133941081727
"SPON2",-0.106085801215342,-0.106085801215342,2.80251485027692,-1.7416568381235,-0.106085801215342,-0.106085801215342,-0.106085801215342,-0.106085801215342,-0.106085801215342,-0.106085801215342,-0.106085801215342,-0.106085801215342
"SRGN",-0.746244003332331,-1.46830922865417,0.539865231078786,-0.746244003332331,-0.746244003332331,-0.746244003332331,-0.746244003332331,0.244563761963631,0.702123263054161,1.59525847615382,1.52157353800437,0.596144975061057
"SRSF2",-0.663603397132917,-0.663603397132917,-0.663603397132917,-0.663603397132917,-0.663603397132917,-0.663603397132917,-0.663603397132917,0.262328355873268,0.341512119777185,1.63325125607398,0.163655677489681,2.24447637071631
"SRSF7",-0.544594767998163,-0.544594767998163,0.270650483475312,-0.544594767998163,-0.544594767998163,-0.544594767998163,-0.544594767998163,-0.544594767998163,0.485091550271416,2.75839852378029,-0.544594767998163,0.842617586458282
"SSBP4",-0.509749285688131,-0.509749285688131,2.44269845567344,-0.509749285688131,-0.509749285688131,-0.509749285688131,-0.509749285688131,-0.509749285688131,1.5163783747247,0.628666740795044,-0.509749285688131,-0.509749285688131
"STAT1",-0.334471603618163,-0.334471603618163,-0.334471603618163,0.987913306045368,0.423779998019889,-0.334471603618163,-0.334471603618163,-1.38668746794439,-0.334471603618163,2.65076699282444,-0.334471603618163,-0.334471603618163
"STX7",1.91844943360805,0.0202697748163401,0.543159856916074,0.0202697748163401,1.01151711654224,0.0202697748163401,-2.25937587961526,0.0202697748163401,0.0202697748163401,0.0202697748163401,-0.703126772647218,-0.632242403701918
"SULT1A1",-0.288675134594813,-0.288675134594813,-0.288675134594813,-0.288675134594813,-0.288675134594813,-0.288675134594813,-0.288675134594813,-0.288675134594813,-0.288675134594813,-0.288675134594813,3.17542648054294,-0.288675134594813
"SYNE1",0.842705869180715,0.763285711783041,1.551049665549,0.171810469481245,0.681455194462179,0.171810469481245,0.171810469481245,-0.680648043159244,0.171810469481245,-1.5569546309411,-0.365011246303745,-1.92312439849583
"TAGAP",-0.340668303900726,-0.340668303900726,-0.340668303900726,1.48494843451749,-0.340668303900726,-0.340668303900726,2.09786753671744,-0.340668303900726,-0.340668303900726,-0.340668303900726,0.815816111410434,-1.67328565143956
"TAGLN2",-0.563597682462821,-0.563597682462821,-0.563597682462821,-0.563597682462821,-1.72639482130299,-0.563597682462821,1.71860339002071,0.522004912260553,-0.563597682462821,1.17085422414698,1.04527842850955,0.651239961142141
"TCF7L2",-0.288675134594813,-0.288675134594813,-0.288675134594813,-0.288675134594813,-0.288675134594813,-0.288675134594813,-0.288675134594813,-0.288675134594813,-0.288675134594813,-0.288675134594813,3.17542648054294,-0.288675134594813
"TECR",-0.59344487905019,-0.59344487905019,-0.59344487905019,-0.59344487905019,-0.59344487905019,0.680412884751301,-0.59344487905019,-0.59344487905019,0.787555416399243,0.712023169894281,-0.59344487905019,2.5675675613567
"TERF1",-0.518189431854055,-0.518189431854055,1.08957423878785,-0.518189431854055,-0.518189431854055,1.07680465050658,-0.518189431854055,-0.518189431854055,-0.518189431854055,-0.518189431854055,-0.518189431854055,2.49732599739205
"TGFB1",-0.496128238714244,-0.496128238714244,2.67938114713025,-0.496128238714244,-0.496128238714244,-0.496128238714244,-0.496128238714244,-0.496128238714244,0.818270821755833,-0.496128238714244,-0.496128238714244,0.967502179542107
"TIMP1",0.0186405220849504,0.0186405220849504,0.0186405220849504,0.0186405220849504,0.0186405220849504,-1.3447672200675,0.0186405220849504,0.0186405220849504,-0.673380500165031,0.0186405220849504,2.80383726110986,-0.934813717556928
"TMEM176A",-0.288675134594813,-0.288675134594813,-0.288675134594813,-0.288675134594813,-0.288675134594813,-0.288675134594813,-0.288675134594813,-0.288675134594813,-0.288675134594813,-0.288675134594813,3.17542648054294,-0.288675134594813
"TMEM176B",-0.288675134594813,-0.288675134594813,-0.288675134594813,-0.288675134594813,-0.288675134594813,-0.288675134594813,-0.288675134594813,-0.288675134594813,-0.288675134594813,-0.288675134594813,3.17542648054294,-0.288675134594813
"TMIGD2",-0.288675134594813,-0.288675134594813,-0.288675134594813,-0.288675134594813,-0.288675134594813,-0.288675134594813,-0.288675134594813,-0.288675134594813,-0.288675134594813,-0.288675134594813,-0.288675134594813,3.17542648054294
"TMSB10",-0.105802620873978,-1.29963928201007,-1.2264608064637,-0.791735827875569,-1.03269778002925,-0.105802620873978,-0.105802620873978,0.839537019779856,-0.105802620873978,1.61181417275571,0.975289805230293,1.34710318210865
"TNFAIP3",0.214202914423791,-0.847829258822212,-0.700928886617361,-1.94306029147513,-0.922355164132141,-0.66253175058948,0.214202914423791,1.09611616868469,0.657833907066991,0.66662672800488,0.922855802565974,1.30486691646621
"TNFSF10",0.962047384123872,-0.059132046800241,-0.059132046800241,-0.059132046800241,2.39662310338868,-0.059132046800241,-1.17888913897287,-0.059132046800241,-0.059132046800241,-0.059132046800241,-1.70672497413776,-0.059132046800241
"TOMM7",-1.3731817394906,-0.434434065837819,-1.5193670627306,-0.434434065837819,-1.12215557193643,-0.434434065837819,0.845854158331697,0.785887870890087,0.841193620458992,1.22339169897449,1.06397883064382,0.557700392372001
"TPPP3",-0.288675134594813,-0.288675134594813,-0.288675134594813,-0.288675134594813,-0.288675134594813,-0.288675134594813,-0.288675134594813,-0.288675134594813,-0.288675134594813,-0.288675134594813,3.17542648054294,-0.288675134594813
"TRBC1",-0.442107842362247,-0.442107842362247,-1.10063828796984,-1.21594171487614,-0.442107842362247,-0.442107842362247,-0.442107842362247,1.30413988062407,1.87964353808813,0.499288287211366,-0.442107842362247,1.28615535109589
"TRG-AS1",-0.369954832978511,-0.369954832978511,1.40338399177659,1.04185549124306,0.862574342599297,1.61599495142455,-0.369954832978511,-0.369954832978511,-0.369954832978511,-1.11502392944629,-0.369954832978511,-1.58905584972614
"TRIB1",-0.055702291052476,-0.055702291052476,-0.055702291052476,-0.055702291052476,-2.04676651589401,-0.055702291052476,-0.055702291052476,-0.055702291052476,-0.055702291052476,-0.055702291052476,2.60378942641877,-0.055702291052476
"TSC22D3",-1.14712545401204,-0.519413547075511,-0.231495218041108,-1.41879958337881,-0.355526866443178,-1.08469609009103,1.13548510433536,1.35944997057969,1.1375738357178,0.103262483193593,-0.224573472701698,1.24585883791694
"TSIX",-0.288675134594813,3.17542648054294,-0.288675134594813,-0.288675134594813,-0.288675134594813,-0.288675134594813,-0.288675134594813,-0.288675134594813,-0.288675134594813,-0.288675134594813,-0.288675134594813,-0.288675134594813
"TUBA1B",-0.399504158990373,-0.399504158990373,2.84125819988414,-0.399504158990373,-0.399504158990373,-0.399504158990373,-0.399504158990373,-0.399504158990373,-0.399504158990373,-0.399504158990373,1.15378339001959,-0.399504158990373
"TXNIP",0.249926522442168,0.702204071468876,0.249926522442168,1.56417012175797,1.66604473217897,0.667939736091557,-0.919370829006021,-0.497110857787632,-0.670702990167024,-0.704887160302304,-1.08099109132315,-1.22714877779557
"UBB",-0.573672159026472,-0.573672159026472,-0.573672159026472,-1.52940549719718,-0.573672159026472,-0.573672159026472,0.447120868857921,-0.573672159026472,0.753124436657322,0.925547945013536,0.710881747035501,2.13476345379173
"UBC",-1.59629766569404,-1.13993742952418,0.888050693459175,-1.48473175549017,-0.256266453678481,-0.256266453678481,0.576667940881427,0.716265701783476,1.38337896526119,0.406850221763258,-0.256266453678481,1.01855268859531
"UCP2",0.174506041179435,-0.27614797755341,1.16959665192476,-1.28757964393092,0.297694471250314,-1.28757964393092,0.498934567541442,0.355936886989456,0.052351559264669,-1.28757964393092,1.98256167947313,-0.392694948277038
"VAMP5",-0.519362906079693,-0.519362906079693,-0.519362906079693,-0.519362906079693,-0.519362906079693,-0.519362906079693,-0.519362906079693,-0.519362906079693,-0.519362906079693,0.916011937462192,2.45836984520917,1.29988437204588
"VEGFA",-0.168526461098395,-0.168526461098395,-0.168526461098395,-0.168526461098395,-1.31328164392473,-0.168526461098395,-0.168526461098395,-0.168526461098395,-0.168526461098395,-0.168526461098395,2.99854625490868,-0.168526461098395
"VIM",-1.25424389912779,-0.241442748556315,-0.241442748556315,-1.42018825181909,-0.241442748556315,-0.241442748556315,2.11410644881332,1.13577368113244,1.11465126089534,-0.241442748556315,-0.241442748556315,-0.241442748556315
"VMP1",-0.327432830962447,0.62858096051899,0.764216133912363,-0.327432830962447,2.66404087587898,-0.327432830962447,-0.327432830962447,-0.327432830962447,-0.327432830962447,-0.327432830962447,-1.43737532261075,-0.327432830962447
"WARS",-0.288675134594813,-0.288675134594813,-0.288675134594813,-0.288675134594813,-0.288675134594813,-0.288675134594813,-0.288675134594813,-0.288675134594813,-0.288675134594813,-0.288675134594813,3.17542648054294,-0.288675134594813
"XIST",0.969345545345959,1.08362535959045,0.859303220185986,0.456725500245557,1.36096049606074,0.898413462179723,-0.938062263934737,-0.938062263934737,-0.938062263934737,-0.938062263934737,-0.938062263934737,-0.938062263934737
"YPEL3",-0.597687849587727,-0.597687849587727,-0.597687849587727,-0.597687849587727,-0.597687849587727,1.03279117131831,-0.597687849587727,-0.597687849587727,0.593147400138693,0.643737241116009,-0.597687849587727,2.5118269841288
"YPEL5",-0.747591412006359,-0.143352891344125,-0.801920760620186,-1.66998118356179,-0.143352891344125,-1.28518714892929,0.730674388416407,1.1816742514574,0.671479850112187,0.900389864175513,-0.143352891344125,1.45052082498849
"ZEB2",-0.395460029302628,-0.395460029302628,2.40220980932613,-0.395460029302628,0.399801512548198,1.00257142689797,-1.29604798062805,-0.395460029302628,0.779788281460247,-0.395460029302628,-0.395460029302628,-0.915562873788726
"ZFP36",-0.920819717037632,-0.646500023564469,-0.10862259584699,-1.04014488317948,-1.40800527215259,-0.659919780170576,0.27150508974243,0.851812858142985,0.25460039005718,1.45063189962982,0.158559103181703,1.79690293119761
"ZFP36L2",-1.34611115771701,0.110415479440051,-0.851800602976788,0.76364139920781,0.110415479440051,0.110415479440051,0.110415479440051,0.937121961898997,-1.03650976892097,1.81995929405706,-1.43653431384611,0.708571270536812
"ZNF331",-0.676964600477305,-0.676964600477305,-0.676964600477305,0.109280597039672,-0.676964600477305,-0.676964600477305,0.667697692109112,0.256814971030036,-0.676964600477305,2.30245487999958,-0.676964600477305,1.40250406316273
